,Time,Open,High,Low,Close,Volume,Readable_time
0,1698796800000,38.41,38.76,37.9,38.63,520340.12000000,2023-11-01 00:00:00
1,1698800400000,38.64,38.79,38.06,38.68,426527.56000000,2023-11-01 01:00:00
2,1698804000000,38.68,38.69,37.92,38.19,276047.59000000,2023-11-01 02:00:00
3,1698807600000,38.19,38.41,38.02,38.27,191897.64000000,2023-11-01 03:00:00
4,1698811200000,38.28,38.41,38.05,38.38,167904.72000000,2023-11-01 04:00:00
5,1698814800000,38.38,38.5,37.81,38.03,296811.69000000,2023-11-01 05:00:00
6,1698818400000,38.02,38.25,37.9,38.1,227553.52000000,2023-11-01 06:00:00
7,1698822000000,38.1,39.4,38.1,38.46,611483.54000000,2023-11-01 07:00:00
8,1698825600000,38.46,38.71,38.0,38.61,420284.29000000,2023-11-01 08:00:00
9,1698829200000,38.62,39.49,38.42,39.22,646288.85000000,2023-11-01 09:00:00
10,1698832800000,39.23,39.8,38.92,39.07,776575.84000000,2023-11-01 10:00:00
11,1698836400000,39.07,39.68,38.73,39.28,524539.80000000,2023-11-01 11:00:00
12,1698840000000,39.28,39.5,38.85,39.33,432888.11000000,2023-11-01 12:00:00
13,1698843600000,39.33,39.94,39.0,39.68,755171.40000000,2023-11-01 13:00:00
14,1698847200000,39.68,40.95,39.55,40.16,1505959.57000000,2023-11-01 14:00:00
15,1698850800000,40.16,41.84,40.06,40.66,1510920.67000000,2023-11-01 15:00:00
16,1698854400000,40.67,41.63,40.39,41.35,749165.59000000,2023-11-01 16:00:00
17,1698858000000,41.35,44.85,41.2,44.58,1924095.10000000,2023-11-01 17:00:00
18,1698861600000,44.58,46.9,43.53,43.91,2447177.76000000,2023-11-01 18:00:00
19,1698865200000,43.92,44.41,41.48,42.0,1788782.83000000,2023-11-01 19:00:00
20,1698868800000,42.0,42.64,41.35,42.13,904554.40000000,2023-11-01 20:00:00
21,1698872400000,42.13,43.62,41.72,43.62,882117.04000000,2023-11-01 21:00:00
22,1698876000000,43.62,43.82,42.2,42.31,565123.30000000,2023-11-01 22:00:00
23,1698879600000,42.32,42.36,40.57,41.15,934149.05000000,2023-11-01 23:00:00
24,1698883200000,41.16,42.02,41.1,41.99,621605.12000000,2023-11-02 00:00:00
25,1698886800000,41.98,42.19,41.6,41.87,380673.19000000,2023-11-02 01:00:00
26,1698890400000,41.87,42.84,41.66,42.33,429949.68000000,2023-11-02 02:00:00
27,1698894000000,42.33,42.66,41.9,42.59,292721.67000000,2023-11-02 03:00:00
28,1698897600000,42.59,42.79,41.99,42.21,252722.65000000,2023-11-02 04:00:00
29,1698901200000,42.21,42.4,41.11,41.83,456758.66000000,2023-11-02 05:00:00
30,1698904800000,41.83,42.97,41.78,42.92,419221.29000000,2023-11-02 06:00:00
31,1698908400000,42.92,43.46,42.78,43.12,521875.91000000,2023-11-02 07:00:00
32,1698912000000,43.12,44.08,42.53,43.88,606464.64000000,2023-11-02 08:00:00
33,1698915600000,43.88,43.92,43.22,43.6,366301.39000000,2023-11-02 09:00:00
34,1698919200000,43.6,43.77,43.11,43.22,270016.74000000,2023-11-02 10:00:00
35,1698922800000,43.21,44.57,43.08,44.47,667433.24000000,2023-11-02 11:00:00
36,1698926400000,44.47,44.5,43.56,43.63,547986.07000000,2023-11-02 12:00:00
37,1698930000000,43.63,43.81,42.5,43.32,1133167.60000000,2023-11-02 13:00:00
38,1698933600000,43.32,43.6,42.01,42.25,903513.86000000,2023-11-02 14:00:00
39,1698937200000,42.25,42.32,40.01,40.03,1206569.06000000,2023-11-02 15:00:00
40,1698940800000,40.03,40.95,39.16,39.6,1417120.32000000,2023-11-02 16:00:00
41,1698944400000,39.59,40.34,38.65,40.21,1084768.59000000,2023-11-02 17:00:00
42,1698948000000,40.2,40.29,39.51,39.77,519674.56000000,2023-11-02 18:00:00
43,1698951600000,39.77,41.58,39.65,41.42,660110.93000000,2023-11-02 19:00:00
44,1698955200000,41.42,42.13,40.49,40.79,942923.54000000,2023-11-02 20:00:00
45,1698958800000,40.78,40.81,40.02,40.51,316198.26000000,2023-11-02 21:00:00
46,1698962400000,40.5,40.51,39.66,40.03,424980.37000000,2023-11-02 22:00:00
47,1698966000000,40.03,40.46,39.55,40.23,301073.57000000,2023-11-02 23:00:00
48,1698969600000,40.24,40.26,38.74,39.11,680497.79000000,2023-11-03 00:00:00
49,1698973200000,39.1,39.4,38.02,38.67,776196.11000000,2023-11-03 01:00:00
50,1698976800000,38.68,38.88,37.98,38.59,513069.15000000,2023-11-03 02:00:00
51,1698980400000,38.6,39.22,38.36,38.94,321233.53000000,2023-11-03 03:00:00
52,1698984000000,38.94,39.12,38.05,38.45,357709.69000000,2023-11-03 04:00:00
53,1698987600000,38.44,39.03,38.0,39.0,421174.29000000,2023-11-03 05:00:00
54,1698991200000,39.0,39.09,38.68,38.99,265939.36000000,2023-11-03 06:00:00
55,1698994800000,39.0,39.06,38.81,39.02,275774.68000000,2023-11-03 07:00:00
56,1698998400000,39.02,39.77,38.53,39.18,640646.70000000,2023-11-03 08:00:00
57,1699002000000,39.18,39.49,38.5,38.68,494923.56000000,2023-11-03 09:00:00
58,1699005600000,38.67,38.72,38.08,38.66,455419.90000000,2023-11-03 10:00:00
59,1699009200000,38.67,39.17,38.48,39.15,394219.77000000,2023-11-03 11:00:00
60,1699012800000,39.15,39.89,38.8,39.69,625190.68000000,2023-11-03 12:00:00
61,1699016400000,39.7,39.84,39.01,39.6,433355.35000000,2023-11-03 13:00:00
62,1699020000000,39.61,40.2,39.3,39.79,601953.68000000,2023-11-03 14:00:00
63,1699023600000,39.79,39.9,39.26,39.79,389369.40000000,2023-11-03 15:00:00
64,1699027200000,39.81,40.06,39.46,39.76,444888.99000000,2023-11-03 16:00:00
65,1699030800000,39.76,39.77,38.56,39.0,456668.04000000,2023-11-03 17:00:00
66,1699034400000,38.99,39.34,38.51,38.79,322511.57000000,2023-11-03 18:00:00
67,1699038000000,38.79,39.3,38.62,39.17,314211.42000000,2023-11-03 19:00:00
68,1699041600000,39.17,39.57,39.04,39.5,256336.69000000,2023-11-03 20:00:00
69,1699045200000,39.49,39.78,39.3,39.38,186931.55000000,2023-11-03 21:00:00
70,1699048800000,39.38,39.95,39.15,39.74,348473.26000000,2023-11-03 22:00:00
71,1699052400000,39.73,39.9,39.39,39.45,313378.32000000,2023-11-03 23:00:00
72,1699056000000,39.45,39.69,39.0,39.26,456755.59000000,2023-11-04 00:00:00
73,1699059600000,39.27,40.53,39.15,40.29,573242.44000000,2023-11-04 01:00:00
74,1699063200000,40.28,40.66,40.08,40.41,315267.13000000,2023-11-04 02:00:00
75,1699066800000,40.41,41.23,40.25,41.12,435439.81000000,2023-11-04 03:00:00
76,1699070400000,41.12,41.6,40.71,40.86,435794.86000000,2023-11-04 04:00:00
77,1699074000000,40.86,40.94,40.4,40.67,267050.25000000,2023-11-04 05:00:00
78,1699077600000,40.68,41.5,40.63,41.14,380649.60000000,2023-11-04 06:00:00
79,1699081200000,41.14,42.06,41.12,41.72,565969.36000000,2023-11-04 07:00:00
80,1699084800000,41.72,42.33,41.38,41.92,465287.13000000,2023-11-04 08:00:00
81,1699088400000,41.92,42.72,41.92,41.98,445973.33000000,2023-11-04 09:00:00
82,1699092000000,41.99,42.3,41.67,41.87,314138.10000000,2023-11-04 10:00:00
83,1699095600000,41.88,42.25,41.26,41.53,343962.31000000,2023-11-04 11:00:00
84,1699099200000,41.52,41.79,41.21,41.71,279381.72000000,2023-11-04 12:00:00
85,1699102800000,41.73,42.21,41.44,41.75,366686.58000000,2023-11-04 13:00:00
86,1699106400000,41.76,42.13,41.33,41.37,269197.51000000,2023-11-04 14:00:00
87,1699110000000,41.38,41.56,40.82,41.28,301333.50000000,2023-11-04 15:00:00
88,1699113600000,41.28,41.69,41.12,41.45,176060.32000000,2023-11-04 16:00:00
89,1699117200000,41.45,41.67,41.17,41.37,89697.61000000,2023-11-04 17:00:00
90,1699120800000,41.37,41.88,41.03,41.71,124328.62000000,2023-11-04 18:00:00
91,1699124400000,41.71,41.82,41.32,41.38,97603.90000000,2023-11-04 19:00:00
92,1699128000000,41.39,41.9,41.3,41.7,109989.73000000,2023-11-04 20:00:00
93,1699131600000,41.7,42.12,41.66,41.96,140945.37000000,2023-11-04 21:00:00
94,1699135200000,41.96,42.57,41.85,42.41,272759.17000000,2023-11-04 22:00:00
95,1699138800000,42.42,42.69,42.15,42.41,225067.77000000,2023-11-04 23:00:00
96,1699142400000,42.41,42.57,41.7,41.87,220189.99000000,2023-11-05 00:00:00
97,1699146000000,41.88,42.23,41.82,42.2,121227.14000000,2023-11-05 01:00:00
98,1699149600000,42.2,42.85,42.13,42.66,257764.26000000,2023-11-05 02:00:00
99,1699153200000,42.66,42.73,42.22,42.52,184080.19000000,2023-11-05 03:00:00
100,1699156800000,42.52,42.54,41.85,42.07,183090.09000000,2023-11-05 04:00:00
101,1699160400000,42.07,42.19,41.52,41.77,153674.77000000,2023-11-05 05:00:00
102,1699164000000,41.78,41.96,41.42,41.55,242715.61000000,2023-11-05 06:00:00
103,1699167600000,41.55,41.77,41.44,41.57,129248.46000000,2023-11-05 07:00:00
104,1699171200000,41.56,41.72,41.1,41.19,161666.84000000,2023-11-05 08:00:00
105,1699174800000,41.2,41.69,41.16,41.55,128939.27000000,2023-11-05 09:00:00
106,1699178400000,41.55,41.63,41.28,41.6,100726.47000000,2023-11-05 10:00:00
107,1699182000000,41.6,41.81,41.3,41.64,196932.66000000,2023-11-05 11:00:00
108,1699185600000,41.64,41.88,41.45,41.69,161792.26000000,2023-11-05 12:00:00
109,1699189200000,41.68,41.75,40.5,40.7,271671.98000000,2023-11-05 13:00:00
110,1699192800000,40.71,41.17,40.57,41.02,230495.36000000,2023-11-05 14:00:00
111,1699196400000,41.02,41.11,40.5,40.72,190139.41000000,2023-11-05 15:00:00
112,1699200000000,40.72,41.14,40.63,41.03,95422.18000000,2023-11-05 16:00:00
113,1699203600000,41.04,41.6,40.93,41.05,212340.98000000,2023-11-05 17:00:00
114,1699207200000,41.05,41.15,40.69,40.8,146984.45000000,2023-11-05 18:00:00
115,1699210800000,40.81,41.04,40.74,40.74,121629.66000000,2023-11-05 19:00:00
116,1699214400000,40.75,41.13,40.73,40.91,65427.95000000,2023-11-05 20:00:00
117,1699218000000,40.9,40.94,40.1,40.43,245406.65000000,2023-11-05 21:00:00
118,1699221600000,40.43,41.03,40.41,40.93,79987.10000000,2023-11-05 22:00:00
119,1699225200000,40.94,41.55,40.79,41.15,216408.66000000,2023-11-05 23:00:00
120,1699228800000,41.16,41.52,40.88,41.5,185731.53000000,2023-11-06 00:00:00
121,1699232400000,41.5,41.76,41.04,41.19,166862.59000000,2023-11-06 01:00:00
122,1699236000000,41.2,41.83,41.17,41.73,133118.63000000,2023-11-06 02:00:00
123,1699239600000,41.72,41.78,40.98,41.11,134584.88000000,2023-11-06 03:00:00
124,1699243200000,41.11,41.23,40.05,40.24,421627.28000000,2023-11-06 04:00:00
125,1699246800000,40.25,40.45,39.66,39.94,276215.39000000,2023-11-06 05:00:00
126,1699250400000,39.93,40.45,39.85,40.3,192697.00000000,2023-11-06 06:00:00
127,1699254000000,40.29,40.4,39.86,39.93,186793.59000000,2023-11-06 07:00:00
128,1699257600000,39.93,40.24,39.7,40.21,164993.02000000,2023-11-06 08:00:00
129,1699261200000,40.21,40.42,40.07,40.32,150777.00000000,2023-11-06 09:00:00
130,1699264800000,40.32,40.73,40.21,40.35,187191.72000000,2023-11-06 10:00:00
131,1699268400000,40.35,40.47,40.12,40.32,132762.91000000,2023-11-06 11:00:00
132,1699272000000,40.32,40.61,40.05,40.47,172970.95000000,2023-11-06 12:00:00
133,1699275600000,40.47,40.6,39.9,40.16,238820.20000000,2023-11-06 13:00:00
134,1699279200000,40.16,40.43,40.1,40.37,248319.63000000,2023-11-06 14:00:00
135,1699282800000,40.38,40.7,40.19,40.23,193619.68000000,2023-11-06 15:00:00
136,1699286400000,40.23,40.5,39.88,40.24,250838.66000000,2023-11-06 16:00:00
137,1699290000000,40.24,40.45,40.0,40.25,140624.68000000,2023-11-06 17:00:00
138,1699293600000,40.25,40.37,39.97,40.24,156267.09000000,2023-11-06 18:00:00
139,1699297200000,40.24,40.52,40.01,40.48,109725.69000000,2023-11-06 19:00:00
140,1699300800000,40.49,40.5,40.16,40.44,90741.77000000,2023-11-06 20:00:00
141,1699304400000,40.44,40.46,40.03,40.4,116110.42000000,2023-11-06 21:00:00
142,1699308000000,40.4,41.43,40.37,41.29,264074.02000000,2023-11-06 22:00:00
143,1699311600000,41.3,42.2,41.13,42.16,551090.26000000,2023-11-06 23:00:00
144,1699315200000,42.16,42.29,41.33,41.73,506893.53000000,2023-11-07 00:00:00
145,1699318800000,41.73,42.01,41.2,41.42,264513.23000000,2023-11-07 01:00:00
146,1699322400000,41.44,41.63,40.22,40.32,308553.74000000,2023-11-07 02:00:00
147,1699326000000,40.33,40.82,40.08,40.81,209148.56000000,2023-11-07 03:00:00
148,1699329600000,40.82,41.25,40.67,41.2,209860.70000000,2023-11-07 04:00:00
149,1699333200000,41.21,41.45,41.03,41.39,157972.96000000,2023-11-07 05:00:00
150,1699336800000,41.39,41.55,41.06,41.52,157950.34000000,2023-11-07 06:00:00
151,1699340400000,41.52,41.68,41.25,41.55,164033.25000000,2023-11-07 07:00:00
152,1699344000000,41.56,41.75,41.26,41.31,166443.68000000,2023-11-07 08:00:00
153,1699347600000,41.31,41.39,40.57,40.73,283118.35000000,2023-11-07 09:00:00
154,1699351200000,40.73,41.16,40.48,40.9,309602.97000000,2023-11-07 10:00:00
155,1699354800000,40.9,41.54,40.79,41.1,253397.46000000,2023-11-07 11:00:00
156,1699358400000,41.1,41.73,40.71,41.5,300278.21000000,2023-11-07 12:00:00
157,1699362000000,41.5,42.1,41.36,41.99,484234.28000000,2023-11-07 13:00:00
158,1699365600000,41.98,42.06,41.5,41.93,328663.09000000,2023-11-07 14:00:00
159,1699369200000,41.94,41.96,40.81,41.21,453977.48000000,2023-11-07 15:00:00
160,1699372800000,41.21,41.72,41.02,41.66,334295.25000000,2023-11-07 16:00:00
161,1699376400000,41.66,43.11,41.07,43.04,796153.57000000,2023-11-07 17:00:00
162,1699380000000,43.04,44.08,42.78,43.95,1094895.37000000,2023-11-07 18:00:00
163,1699383600000,43.97,44.39,43.4,43.86,542603.26000000,2023-11-07 19:00:00
164,1699387200000,43.86,44.78,43.77,44.33,505092.80000000,2023-11-07 20:00:00
165,1699390800000,44.33,44.44,43.7,43.81,323415.44000000,2023-11-07 21:00:00
166,1699394400000,43.81,43.83,42.86,43.06,454001.21000000,2023-11-07 22:00:00
167,1699398000000,43.07,43.16,42.76,42.93,217561.74000000,2023-11-07 23:00:00
168,1699401600000,42.93,43.15,42.31,42.48,295293.13000000,2023-11-08 00:00:00
169,1699405200000,42.48,43.1,42.25,43.09,147034.43000000,2023-11-08 01:00:00
170,1699408800000,43.08,43.32,42.96,43.03,123529.36000000,2023-11-08 02:00:00
171,1699412400000,43.02,43.5,42.85,43.37,133125.05000000,2023-11-08 03:00:00
172,1699416000000,43.36,43.67,43.3,43.39,136684.66000000,2023-11-08 04:00:00
173,1699419600000,43.38,43.48,42.98,43.17,130377.69000000,2023-11-08 05:00:00
174,1699423200000,43.17,43.63,43.01,43.46,130033.44000000,2023-11-08 06:00:00
175,1699426800000,43.46,43.78,43.32,43.49,118570.15000000,2023-11-08 07:00:00
176,1699430400000,43.47,43.88,43.34,43.5,170571.19000000,2023-11-08 08:00:00
177,1699434000000,43.49,43.6,43.2,43.25,140353.07000000,2023-11-08 09:00:00
178,1699437600000,43.26,43.4,43.09,43.29,227561.92000000,2023-11-08 10:00:00
179,1699441200000,43.29,43.59,43.13,43.31,177703.65000000,2023-11-08 11:00:00
180,1699444800000,43.3,43.5,43.0,43.46,159534.01000000,2023-11-08 12:00:00
181,1699448400000,43.48,43.6,43.01,43.32,205969.78000000,2023-11-08 13:00:00
182,1699452000000,43.32,43.35,42.71,42.78,222192.85000000,2023-11-08 14:00:00
183,1699455600000,42.77,42.82,42.31,42.77,341847.89000000,2023-11-08 15:00:00
184,1699459200000,42.77,43.22,42.58,43.12,213164.08000000,2023-11-08 16:00:00
185,1699462800000,43.12,43.18,42.55,42.72,154807.15000000,2023-11-08 17:00:00
186,1699466400000,42.73,43.27,42.65,43.23,168408.58000000,2023-11-08 18:00:00
187,1699470000000,43.23,43.61,43.04,43.1,232024.84000000,2023-11-08 19:00:00
188,1699473600000,43.08,43.34,42.9,43.1,129944.10000000,2023-11-08 20:00:00
189,1699477200000,43.1,43.34,42.63,43.06,230578.01000000,2023-11-08 21:00:00
190,1699480800000,43.05,43.4,42.78,43.25,279442.15000000,2023-11-08 22:00:00
191,1699484400000,43.26,43.51,43.07,43.13,311619.83000000,2023-11-08 23:00:00
192,1699488000000,43.12,43.42,42.62,42.84,364749.86000000,2023-11-09 00:00:00
193,1699491600000,42.83,43.33,42.5,43.09,276914.86000000,2023-11-09 01:00:00
194,1699495200000,43.1,43.97,43.0,43.96,418889.07000000,2023-11-09 02:00:00
195,1699498800000,43.96,44.15,43.62,44.09,275697.01000000,2023-11-09 03:00:00
196,1699502400000,44.09,44.54,44.07,44.46,379699.68000000,2023-11-09 04:00:00
197,1699506000000,44.46,44.6,43.88,44.46,263957.61000000,2023-11-09 05:00:00
198,1699509600000,44.46,44.61,44.1,44.2,227897.95000000,2023-11-09 06:00:00
199,1699513200000,44.2,44.43,43.8,43.9,237952.35000000,2023-11-09 07:00:00
200,1699516800000,43.9,45.09,43.88,44.97,510480.75000000,2023-11-09 08:00:00
201,1699520400000,44.98,46.78,44.59,46.5,985636.84000000,2023-11-09 09:00:00
202,1699524000000,46.49,47.03,46.19,46.69,564328.31000000,2023-11-09 10:00:00
203,1699527600000,46.69,47.45,46.3,47.13,508901.87000000,2023-11-09 11:00:00
204,1699531200000,47.13,48.15,47.13,47.84,857812.80000000,2023-11-09 12:00:00
205,1699534800000,47.84,48.01,47.08,47.5,551444.89000000,2023-11-09 13:00:00
206,1699538400000,47.5,48.88,47.25,48.56,928102.06000000,2023-11-09 14:00:00
207,1699542000000,48.55,48.75,45.72,46.4,1316781.27000000,2023-11-09 15:00:00
208,1699545600000,46.4,46.8,41.36,45.3,1687539.60000000,2023-11-09 16:00:00
209,1699549200000,45.31,45.64,44.24,45.47,531929.30000000,2023-11-09 17:00:00
210,1699552800000,45.47,45.54,43.63,43.82,303163.13000000,2023-11-09 18:00:00
211,1699556400000,43.82,44.49,43.63,44.42,274325.50000000,2023-11-09 19:00:00
212,1699560000000,44.41,44.42,43.04,44.28,280198.29000000,2023-11-09 20:00:00
213,1699563600000,44.27,45.15,44.19,45.05,301374.50000000,2023-11-09 21:00:00
214,1699567200000,45.03,45.74,44.73,45.4,255110.59000000,2023-11-09 22:00:00
215,1699570800000,45.39,45.59,44.96,45.29,244053.24000000,2023-11-09 23:00:00
216,1699574400000,45.3,46.22,45.05,45.25,512519.73000000,2023-11-10 00:00:00
217,1699578000000,45.25,46.28,45.08,46.17,301422.71000000,2023-11-10 01:00:00
218,1699581600000,46.17,46.7,45.87,46.65,254581.22000000,2023-11-10 02:00:00
219,1699585200000,46.64,47.99,46.42,47.4,492437.12000000,2023-11-10 03:00:00
220,1699588800000,47.41,47.66,46.82,47.46,260146.92000000,2023-11-10 04:00:00
221,1699592400000,47.46,47.52,46.81,47.37,223128.27000000,2023-11-10 05:00:00
222,1699596000000,47.36,48.87,46.81,48.74,412873.63000000,2023-11-10 06:00:00
223,1699599600000,48.75,48.85,47.14,47.55,481471.32000000,2023-11-10 07:00:00
224,1699603200000,47.54,47.7,46.56,47.22,404496.90000000,2023-11-10 08:00:00
225,1699606800000,47.22,49.23,46.92,49.08,424578.49000000,2023-11-10 09:00:00
226,1699610400000,49.08,49.8,48.52,49.32,1011898.70000000,2023-11-10 10:00:00
227,1699614000000,49.31,51.2,48.7,50.7,1056965.30000000,2023-11-10 11:00:00
228,1699617600000,50.7,51.93,50.05,51.44,1103277.11000000,2023-11-10 12:00:00
229,1699621200000,51.44,51.48,49.48,49.77,667667.13000000,2023-11-10 13:00:00
230,1699624800000,49.78,50.72,48.63,50.38,967837.82000000,2023-11-10 14:00:00
231,1699628400000,50.38,51.34,50.22,50.87,496123.69000000,2023-11-10 15:00:00
232,1699632000000,50.88,52.5,50.64,51.7,733082.46000000,2023-11-10 16:00:00
233,1699635600000,51.71,52.95,51.33,52.61,494789.71000000,2023-11-10 17:00:00
234,1699639200000,52.61,54.68,52.43,53.42,1234202.02000000,2023-11-10 18:00:00
235,1699642800000,53.43,54.99,53.42,54.11,766453.50000000,2023-11-10 19:00:00
236,1699646400000,54.11,55.0,53.02,54.61,623096.55000000,2023-11-10 20:00:00
237,1699650000000,54.6,54.89,53.68,53.9,348651.11000000,2023-11-10 21:00:00
238,1699653600000,53.9,57.0,53.61,56.62,657642.51000000,2023-11-10 22:00:00
239,1699657200000,56.66,57.54,56.07,56.67,779211.43000000,2023-11-10 23:00:00
240,1699660800000,56.67,57.7,56.21,56.74,624616.51000000,2023-11-11 00:00:00
241,1699664400000,56.74,57.34,54.39,55.05,849316.76000000,2023-11-11 01:00:00
242,1699668000000,55.06,56.41,54.8,55.92,500381.10000000,2023-11-11 02:00:00
243,1699671600000,55.92,56.01,54.53,55.84,383919.39000000,2023-11-11 03:00:00
244,1699675200000,55.82,55.82,53.8,54.56,415903.90000000,2023-11-11 04:00:00
245,1699678800000,54.56,54.95,54.07,54.6,200532.73000000,2023-11-11 05:00:00
246,1699682400000,54.6,55.55,54.4,55.42,248808.83000000,2023-11-11 06:00:00
247,1699686000000,55.41,56.0,53.55,54.26,401246.87000000,2023-11-11 07:00:00
248,1699689600000,54.27,55.05,53.8,54.87,344940.38000000,2023-11-11 08:00:00
249,1699693200000,54.86,55.84,54.14,54.51,348168.03000000,2023-11-11 09:00:00
250,1699696800000,54.51,55.28,54.26,55.19,152067.91000000,2023-11-11 10:00:00
251,1699700400000,55.19,55.7,54.81,55.25,237161.25000000,2023-11-11 11:00:00
252,1699704000000,55.25,56.58,55.02,56.48,421024.98000000,2023-11-11 12:00:00
253,1699707600000,56.48,59.82,56.38,59.68,1269208.91000000,2023-11-11 13:00:00
254,1699711200000,59.69,63.95,59.3,62.09,2026442.62000000,2023-11-11 14:00:00
255,1699714800000,62.09,62.97,58.88,60.89,1078584.35000000,2023-11-11 15:00:00
256,1699718400000,60.89,62.49,60.89,61.31,663870.02000000,2023-11-11 16:00:00
257,1699722000000,61.31,61.5,58.1,58.97,967822.20000000,2023-11-11 17:00:00
258,1699725600000,58.96,59.37,58.43,58.55,317133.83000000,2023-11-11 18:00:00
259,1699729200000,58.55,60.61,58.47,60.53,391736.21000000,2023-11-11 19:00:00
260,1699732800000,60.53,60.53,57.11,57.67,579907.27000000,2023-11-11 20:00:00
261,1699736400000,57.67,58.83,57.32,58.1,325312.55000000,2023-11-11 21:00:00
262,1699740000000,58.11,58.81,56.91,58.2,404800.16000000,2023-11-11 22:00:00
263,1699743600000,58.19,58.2,55.36,56.34,637951.54000000,2023-11-11 23:00:00
264,1699747200000,56.36,57.91,54.5,55.84,947669.75000000,2023-11-12 00:00:00
265,1699750800000,55.84,56.91,55.14,56.42,484321.51000000,2023-11-12 01:00:00
266,1699754400000,56.42,56.43,54.7,55.51,536014.20000000,2023-11-12 02:00:00
267,1699758000000,55.52,57.78,55.25,57.39,373622.46000000,2023-11-12 03:00:00
268,1699761600000,57.37,58.2,56.44,57.62,519564.34000000,2023-11-12 04:00:00
269,1699765200000,57.63,59.28,56.83,58.68,394118.82000000,2023-11-12 05:00:00
270,1699768800000,58.67,59.79,57.7,59.58,478330.84000000,2023-11-12 06:00:00
271,1699772400000,59.59,61.86,59.3,61.08,903989.63000000,2023-11-12 07:00:00
272,1699776000000,61.09,61.45,59.17,60.03,523246.37000000,2023-11-12 08:00:00
273,1699779600000,60.04,60.35,58.51,59.1,426535.59000000,2023-11-12 09:00:00
274,1699783200000,59.11,60.37,58.4,59.32,388839.76000000,2023-11-12 10:00:00
275,1699786800000,59.31,60.75,59.19,59.97,306840.23000000,2023-11-12 11:00:00
276,1699790400000,59.98,60.39,58.3,58.48,421886.05000000,2023-11-12 12:00:00
277,1699794000000,58.47,59.53,57.68,59.03,373927.54000000,2023-11-12 13:00:00
278,1699797600000,59.03,59.6,58.36,58.93,250103.88000000,2023-11-12 14:00:00
279,1699801200000,58.92,59.41,57.96,58.62,287985.02000000,2023-11-12 15:00:00
280,1699804800000,58.63,58.77,57.44,58.1,279863.79000000,2023-11-12 16:00:00
281,1699808400000,58.1,58.19,56.91,57.2,260016.75000000,2023-11-12 17:00:00
282,1699812000000,57.2,57.94,56.27,57.31,419110.94000000,2023-11-12 18:00:00
283,1699815600000,57.3,57.49,55.5,56.03,486940.89000000,2023-11-12 19:00:00
284,1699819200000,56.02,57.02,55.68,56.76,286524.26000000,2023-11-12 20:00:00
285,1699822800000,56.77,57.29,56.48,56.98,205257.56000000,2023-11-12 21:00:00
286,1699826400000,56.98,57.44,56.64,57.08,151752.53000000,2023-11-12 22:00:00
287,1699830000000,57.07,57.57,55.56,56.28,539622.68000000,2023-11-12 23:00:00
288,1699833600000,56.27,57.57,55.1,57.53,493011.01000000,2023-11-13 00:00:00
289,1699837200000,57.54,59.0,57.37,58.77,458938.35000000,2023-11-13 01:00:00
290,1699840800000,58.77,59.42,57.92,58.25,325628.29000000,2023-11-13 02:00:00
291,1699844400000,58.25,58.26,56.6,56.99,383299.75000000,2023-11-13 03:00:00
292,1699848000000,56.98,58.29,56.84,57.23,260387.66000000,2023-11-13 04:00:00
293,1699851600000,57.23,58.75,56.65,58.39,323182.07000000,2023-11-13 05:00:00
294,1699855200000,58.4,58.7,57.07,58.4,255192.34000000,2023-11-13 06:00:00
295,1699858800000,58.4,59.5,57.89,58.24,395545.36000000,2023-11-13 07:00:00
296,1699862400000,58.23,59.6,58.01,59.27,321744.28000000,2023-11-13 08:00:00
297,1699866000000,59.26,59.55,58.2,58.71,264344.92000000,2023-11-13 09:00:00
298,1699869600000,58.71,58.94,57.32,57.91,288199.49000000,2023-11-13 10:00:00
299,1699873200000,57.9,58.05,56.46,57.04,361724.97000000,2023-11-13 11:00:00
300,1699876800000,57.02,58.0,56.08,57.62,350736.00000000,2023-11-13 12:00:00
301,1699880400000,57.62,57.86,56.62,57.3,254759.29000000,2023-11-13 13:00:00
302,1699884000000,57.3,59.86,54.28,56.0,1687994.69000000,2023-11-13 14:00:00
303,1699887600000,56.0,56.87,54.79,55.64,658694.85000000,2023-11-13 15:00:00
304,1699891200000,55.63,56.9,55.37,55.53,449103.69000000,2023-11-13 16:00:00
305,1699894800000,55.53,55.66,52.2,53.64,939642.55000000,2023-11-13 17:00:00
306,1699898400000,53.65,54.44,53.1,54.04,418217.19000000,2023-11-13 18:00:00
307,1699902000000,54.04,54.93,53.76,54.64,344133.62000000,2023-11-13 19:00:00
308,1699905600000,54.64,54.65,53.11,53.5,415308.48000000,2023-11-13 20:00:00
309,1699909200000,53.5,53.52,51.28,52.15,926586.73000000,2023-11-13 21:00:00
310,1699912800000,52.15,52.94,52.06,52.24,220238.48000000,2023-11-13 22:00:00
311,1699916400000,52.23,52.8,51.55,51.6,270249.18000000,2023-11-13 23:00:00
312,1699920000000,51.6,53.88,51.12,52.8,696542.61000000,2023-11-14 00:00:00
313,1699923600000,52.8,54.49,52.76,54.06,409864.94000000,2023-11-14 01:00:00
314,1699927200000,54.07,54.4,53.28,54.34,328176.64000000,2023-11-14 02:00:00
315,1699930800000,54.33,54.84,53.97,54.03,408372.98000000,2023-11-14 03:00:00
316,1699934400000,54.03,54.63,53.79,54.25,247682.94000000,2023-11-14 04:00:00
317,1699938000000,54.25,54.8,54.15,54.8,323796.06000000,2023-11-14 05:00:00
318,1699941600000,54.8,54.91,54.02,54.47,498175.22000000,2023-11-14 06:00:00
319,1699945200000,54.48,55.44,54.38,55.16,336413.50000000,2023-11-14 07:00:00
320,1699948800000,55.16,55.82,55.05,55.37,297321.93000000,2023-11-14 08:00:00
321,1699952400000,55.38,55.48,54.03,54.2,374059.70000000,2023-11-14 09:00:00
322,1699956000000,54.21,54.6,53.62,54.17,272484.14000000,2023-11-14 10:00:00
323,1699959600000,54.18,54.29,52.01,52.65,528238.80000000,2023-11-14 11:00:00
324,1699963200000,52.65,53.49,52.01,53.13,406150.72000000,2023-11-14 12:00:00
325,1699966800000,53.12,55.85,53.0,55.7,829719.85000000,2023-11-14 13:00:00
326,1699970400000,55.71,57.99,55.1,57.33,1333937.89000000,2023-11-14 14:00:00
327,1699974000000,57.33,57.51,54.74,56.23,975777.93000000,2023-11-14 15:00:00
328,1699977600000,56.22,56.98,55.54,55.78,463554.59000000,2023-11-14 16:00:00
329,1699981200000,55.77,55.87,53.34,53.76,626011.61000000,2023-11-14 17:00:00
330,1699984800000,53.76,54.62,52.2,53.78,732562.26000000,2023-11-14 18:00:00
331,1699988400000,53.79,55.35,53.59,55.1,648692.10000000,2023-11-14 19:00:00
332,1699992000000,55.1,56.5,54.81,55.38,487282.02000000,2023-11-14 20:00:00
333,1699995600000,55.37,56.62,55.25,56.33,427395.75000000,2023-11-14 21:00:00
334,1699999200000,56.33,57.19,55.66,57.17,281662.35000000,2023-11-14 22:00:00
335,1700002800000,57.17,57.44,56.54,56.81,279901.71000000,2023-11-14 23:00:00
336,1700006400000,56.81,57.97,56.34,56.94,458922.73000000,2023-11-15 00:00:00
337,1700010000000,56.93,57.68,56.39,56.97,228647.92000000,2023-11-15 01:00:00
338,1700013600000,56.97,57.46,56.35,56.99,170283.53000000,2023-11-15 02:00:00
339,1700017200000,57.0,57.25,56.15,56.24,147724.83000000,2023-11-15 03:00:00
340,1700020800000,56.24,57.58,56.23,57.49,155149.58000000,2023-11-15 04:00:00
341,1700024400000,57.49,58.85,57.07,58.64,406103.26000000,2023-11-15 05:00:00
342,1700028000000,58.64,58.69,57.78,58.0,318543.40000000,2023-11-15 06:00:00
343,1700031600000,58.0,59.68,57.73,59.16,555280.67000000,2023-11-15 07:00:00
344,1700035200000,59.17,59.54,59.0,59.37,257378.22000000,2023-11-15 08:00:00
345,1700038800000,59.37,59.87,58.72,59.17,365037.86000000,2023-11-15 09:00:00
346,1700042400000,59.17,59.92,59.15,59.6,294457.85000000,2023-11-15 10:00:00
347,1700046000000,59.6,63.5,59.3,62.99,1451399.55000000,2023-11-15 11:00:00
348,1700049600000,62.98,63.92,61.99,63.24,1020053.84000000,2023-11-15 12:00:00
349,1700053200000,63.23,63.24,61.27,61.95,833085.38000000,2023-11-15 13:00:00
350,1700056800000,61.94,62.52,61.37,62.1,452313.88000000,2023-11-15 14:00:00
351,1700060400000,62.1,62.93,62.09,62.42,386591.30000000,2023-11-15 15:00:00
352,1700064000000,62.43,63.27,61.39,61.95,547608.00000000,2023-11-15 16:00:00
353,1700067600000,61.96,62.02,60.61,61.62,518710.97000000,2023-11-15 17:00:00
354,1700071200000,61.63,63.25,61.29,62.63,791358.81000000,2023-11-15 18:00:00
355,1700074800000,62.63,65.8,62.4,65.33,1201463.65000000,2023-11-15 19:00:00
356,1700078400000,65.34,67.12,65.0,66.43,966450.44000000,2023-11-15 20:00:00
357,1700082000000,66.42,66.46,64.92,65.03,615254.29000000,2023-11-15 21:00:00
358,1700085600000,65.03,65.66,64.13,65.11,383862.64000000,2023-11-15 22:00:00
359,1700089200000,65.11,65.65,64.74,65.43,274426.68000000,2023-11-15 23:00:00
360,1700092800000,65.43,66.08,64.7,65.24,459741.30000000,2023-11-16 00:00:00
361,1700096400000,65.23,65.58,64.4,65.28,398298.31000000,2023-11-16 01:00:00
362,1700100000000,65.28,66.72,65.0,66.08,475523.32000000,2023-11-16 02:00:00
363,1700103600000,66.08,66.53,65.8,65.88,311753.84000000,2023-11-16 03:00:00
364,1700107200000,65.88,65.94,64.91,65.05,286273.26000000,2023-11-16 04:00:00
365,1700110800000,65.04,66.2,64.72,66.12,265946.55000000,2023-11-16 05:00:00
366,1700114400000,66.13,68.2,66.01,67.79,720247.56000000,2023-11-16 06:00:00
367,1700118000000,67.78,68.01,65.61,65.68,463653.86000000,2023-11-16 07:00:00
368,1700121600000,65.67,66.11,64.56,64.83,607779.85000000,2023-11-16 08:00:00
369,1700125200000,64.83,65.56,64.06,65.41,515726.88000000,2023-11-16 09:00:00
370,1700128800000,65.41,66.05,65.0,65.14,345819.45000000,2023-11-16 10:00:00
371,1700132400000,65.13,65.83,63.28,64.03,674692.33000000,2023-11-16 11:00:00
372,1700136000000,64.02,64.7,63.21,64.24,547209.30000000,2023-11-16 12:00:00
373,1700139600000,64.24,64.39,62.0,62.81,974314.39000000,2023-11-16 13:00:00
374,1700143200000,62.81,63.3,61.44,62.62,860949.25000000,2023-11-16 14:00:00
375,1700146800000,62.63,63.05,60.44,61.6,755569.46000000,2023-11-16 15:00:00
376,1700150400000,61.61,62.5,61.03,62.35,535240.53000000,2023-11-16 16:00:00
377,1700154000000,62.35,62.87,61.6,61.83,406434.16000000,2023-11-16 17:00:00
378,1700157600000,61.84,62.58,61.51,62.31,331867.99000000,2023-11-16 18:00:00
379,1700161200000,62.32,62.47,59.0,62.34,1048005.13000000,2023-11-16 19:00:00
380,1700164800000,62.34,62.89,60.68,60.93,724314.52000000,2023-11-16 20:00:00
381,1700168400000,60.92,61.23,58.47,58.57,786074.86000000,2023-11-16 21:00:00
382,1700172000000,58.58,60.09,58.0,58.08,571665.96000000,2023-11-16 22:00:00
383,1700175600000,58.09,58.41,56.31,57.8,801224.98000000,2023-11-16 23:00:00
384,1700179200000,57.81,59.91,57.63,59.84,585559.96000000,2023-11-17 00:00:00
385,1700182800000,59.85,60.57,58.91,60.4,483994.90000000,2023-11-17 01:00:00
386,1700186400000,60.4,60.47,57.87,58.7,673634.58000000,2023-11-17 02:00:00
387,1700190000000,58.7,59.18,57.99,58.95,376709.07000000,2023-11-17 03:00:00
388,1700193600000,58.95,59.43,58.29,59.19,305416.10000000,2023-11-17 04:00:00
389,1700197200000,59.19,59.56,58.61,59.36,313164.08000000,2023-11-17 05:00:00
390,1700200800000,59.36,59.97,58.56,59.0,460985.91000000,2023-11-17 06:00:00
391,1700204400000,59.0,59.1,58.0,58.16,334778.05000000,2023-11-17 07:00:00
392,1700208000000,58.16,59.0,57.17,58.83,456376.46000000,2023-11-17 08:00:00
393,1700211600000,58.84,59.04,57.54,57.7,376672.36000000,2023-11-17 09:00:00
394,1700215200000,57.71,57.87,56.47,57.62,649260.03000000,2023-11-17 10:00:00
395,1700218800000,57.61,58.57,57.36,58.15,323594.35000000,2023-11-17 11:00:00
396,1700222400000,58.14,58.97,57.02,58.92,462755.35000000,2023-11-17 12:00:00
397,1700226000000,58.92,59.63,57.7,57.84,609268.43000000,2023-11-17 13:00:00
398,1700229600000,57.85,58.24,55.74,56.23,860452.46000000,2023-11-17 14:00:00
399,1700233200000,56.22,56.55,54.1,55.04,1003162.58000000,2023-11-17 15:00:00
400,1700236800000,55.04,56.1,54.39,55.14,797787.28000000,2023-11-17 16:00:00
401,1700240400000,55.14,57.6,55.08,57.39,932853.26000000,2023-11-17 17:00:00
402,1700244000000,57.39,58.95,57.15,58.48,526995.12000000,2023-11-17 18:00:00
403,1700247600000,58.47,58.75,57.26,57.58,359619.03000000,2023-11-17 19:00:00
404,1700251200000,57.58,58.34,57.48,58.01,220109.50000000,2023-11-17 20:00:00
405,1700254800000,58.02,58.32,57.61,57.94,187567.10000000,2023-11-17 21:00:00
406,1700258400000,57.93,58.8,57.81,58.72,254128.68000000,2023-11-17 22:00:00
407,1700262000000,58.71,59.46,57.92,58.51,413459.14000000,2023-11-17 23:00:00
408,1700265600000,58.52,58.62,57.12,57.25,368191.33000000,2023-11-18 00:00:00
409,1700269200000,57.24,57.83,56.75,57.15,302746.62000000,2023-11-18 01:00:00
410,1700272800000,57.15,57.72,57.07,57.11,166070.38000000,2023-11-18 02:00:00
411,1700276400000,57.11,57.31,56.31,56.68,275636.38000000,2023-11-18 03:00:00
412,1700280000000,56.68,57.45,56.49,56.81,189859.92000000,2023-11-18 04:00:00
413,1700283600000,56.8,56.91,56.06,56.21,306129.79000000,2023-11-18 05:00:00
414,1700287200000,56.21,56.43,54.94,55.1,442573.95000000,2023-11-18 06:00:00
415,1700290800000,55.11,56.54,54.7,56.36,411933.89000000,2023-11-18 07:00:00
416,1700294400000,56.36,56.93,56.05,56.68,239951.38000000,2023-11-18 08:00:00
417,1700298000000,56.68,57.14,56.51,56.69,182400.40000000,2023-11-18 09:00:00
418,1700301600000,56.68,57.64,56.53,57.45,267301.19000000,2023-11-18 10:00:00
419,1700305200000,57.45,57.5,56.83,56.96,208595.92000000,2023-11-18 11:00:00
420,1700308800000,56.97,57.39,56.72,56.82,184497.42000000,2023-11-18 12:00:00
421,1700312400000,56.83,57.1,55.5,56.12,399567.46000000,2023-11-18 13:00:00
422,1700316000000,56.12,57.5,55.95,56.92,341783.09000000,2023-11-18 14:00:00
423,1700319600000,56.93,58.35,56.83,58.01,578368.24000000,2023-11-18 15:00:00
424,1700323200000,58.01,59.0,57.8,57.93,624942.87000000,2023-11-18 16:00:00
425,1700326800000,57.93,58.55,57.51,58.36,325758.57000000,2023-11-18 17:00:00
426,1700330400000,58.37,59.13,58.15,58.84,360494.95000000,2023-11-18 18:00:00
427,1700334000000,58.85,59.37,58.6,59.06,369078.69000000,2023-11-18 19:00:00
428,1700337600000,59.07,59.31,58.67,58.89,275158.39000000,2023-11-18 20:00:00
429,1700341200000,58.9,59.18,58.18,58.41,240138.88000000,2023-11-18 21:00:00
430,1700344800000,58.4,58.55,57.97,58.34,185546.20000000,2023-11-18 22:00:00
431,1700348400000,58.34,58.69,58.27,58.56,128220.59000000,2023-11-18 23:00:00
432,1700352000000,58.56,58.57,57.24,57.43,225014.87000000,2023-11-19 00:00:00
433,1700355600000,57.42,57.56,56.61,57.42,265924.97000000,2023-11-19 01:00:00
434,1700359200000,57.42,57.78,56.98,57.56,163908.31000000,2023-11-19 02:00:00
435,1700362800000,57.57,58.3,57.11,58.25,177754.21000000,2023-11-19 03:00:00
436,1700366400000,58.25,58.28,57.75,58.2,158090.90000000,2023-11-19 04:00:00
437,1700370000000,58.2,58.71,58.09,58.38,196047.42000000,2023-11-19 05:00:00
438,1700373600000,58.38,60.56,58.3,60.32,638086.39000000,2023-11-19 06:00:00
439,1700377200000,60.33,60.93,60.04,60.44,438999.28000000,2023-11-19 07:00:00
440,1700380800000,60.44,61.7,60.23,61.17,575955.37000000,2023-11-19 08:00:00
441,1700384400000,61.16,61.79,61.05,61.27,298585.97000000,2023-11-19 09:00:00
442,1700388000000,61.26,61.29,60.01,60.12,423118.59000000,2023-11-19 10:00:00
443,1700391600000,60.11,60.53,59.42,59.87,361243.36000000,2023-11-19 11:00:00
444,1700395200000,59.87,60.27,59.08,59.51,332902.96000000,2023-11-19 12:00:00
445,1700398800000,59.51,60.2,59.38,59.72,223479.27000000,2023-11-19 13:00:00
446,1700402400000,59.72,60.16,59.27,59.77,229965.15000000,2023-11-19 14:00:00
447,1700406000000,59.77,60.35,59.42,59.97,202321.00000000,2023-11-19 15:00:00
448,1700409600000,59.98,60.43,59.41,59.72,193167.74000000,2023-11-19 16:00:00
449,1700413200000,59.72,60.1,59.52,60.02,157419.70000000,2023-11-19 17:00:00
450,1700416800000,60.03,61.15,59.98,60.9,347023.52000000,2023-11-19 18:00:00
451,1700420400000,60.89,61.29,60.45,61.19,255112.59000000,2023-11-19 19:00:00
452,1700424000000,61.2,61.5,60.14,60.81,289933.54000000,2023-11-19 20:00:00
453,1700427600000,60.8,61.52,60.39,61.35,230569.50000000,2023-11-19 21:00:00
454,1700431200000,61.34,61.52,60.5,60.72,163915.40000000,2023-11-19 22:00:00
455,1700434800000,60.72,62.1,60.69,61.1,461110.08000000,2023-11-19 23:00:00
456,1700438400000,61.1,61.2,59.78,60.74,344184.49000000,2023-11-20 00:00:00
457,1700442000000,60.75,61.33,60.41,60.64,247212.44000000,2023-11-20 01:00:00
458,1700445600000,60.64,60.7,59.99,60.4,167999.72000000,2023-11-20 02:00:00
459,1700449200000,60.4,60.51,59.79,59.92,213947.96000000,2023-11-20 03:00:00
460,1700452800000,59.91,60.18,59.59,60.06,184056.19000000,2023-11-20 04:00:00
461,1700456400000,60.05,60.08,59.32,59.69,161380.38000000,2023-11-20 05:00:00
462,1700460000000,59.69,59.93,59.45,59.88,118902.90000000,2023-11-20 06:00:00
463,1700463600000,59.88,59.98,59.12,59.88,208265.10000000,2023-11-20 07:00:00
464,1700467200000,59.89,60.01,59.3,59.6,191285.05000000,2023-11-20 08:00:00
465,1700470800000,59.59,60.66,59.5,60.49,208812.03000000,2023-11-20 09:00:00
466,1700474400000,60.49,60.73,60.13,60.43,158101.19000000,2023-11-20 10:00:00
467,1700478000000,60.42,61.09,59.76,60.08,330630.23000000,2023-11-20 11:00:00
468,1700481600000,60.08,60.23,59.71,60.2,176025.37000000,2023-11-20 12:00:00
469,1700485200000,60.2,60.63,59.51,59.65,259608.67000000,2023-11-20 13:00:00
470,1700488800000,59.65,60.17,57.6,60.02,636674.36000000,2023-11-20 14:00:00
471,1700492400000,60.01,60.14,58.44,59.01,417839.58000000,2023-11-20 15:00:00
472,1700496000000,59.01,59.41,57.44,57.63,620786.55000000,2023-11-20 16:00:00
473,1700499600000,57.63,58.79,57.37,58.35,521212.52000000,2023-11-20 17:00:00
474,1700503200000,58.35,58.5,56.97,57.25,427402.02000000,2023-11-20 18:00:00
475,1700506800000,57.25,57.86,56.6,57.54,272981.51000000,2023-11-20 19:00:00
476,1700510400000,57.54,57.79,56.92,57.11,176940.63000000,2023-11-20 20:00:00
477,1700514000000,57.12,57.16,56.0,56.59,430116.12000000,2023-11-20 21:00:00
478,1700517600000,56.58,57.44,56.2,56.44,414599.12000000,2023-11-20 22:00:00
479,1700521200000,56.43,56.95,56.2,56.57,238598.15000000,2023-11-20 23:00:00
480,1700524800000,56.57,57.18,56.22,56.92,205952.94000000,2023-11-21 00:00:00
481,1700528400000,56.91,57.4,56.37,57.03,200226.20000000,2023-11-21 01:00:00
482,1700532000000,57.02,57.06,55.1,55.4,490019.80000000,2023-11-21 02:00:00
483,1700535600000,55.41,56.11,55.29,56.0,259727.37000000,2023-11-21 03:00:00
484,1700539200000,56.01,56.08,55.59,55.73,224302.73000000,2023-11-21 04:00:00
485,1700542800000,55.73,56.21,55.63,56.06,171868.43000000,2023-11-21 05:00:00
486,1700546400000,56.06,56.45,55.91,56.14,157823.75000000,2023-11-21 06:00:00
487,1700550000000,56.14,56.14,55.3,55.39,246524.96000000,2023-11-21 07:00:00
488,1700553600000,55.39,56.55,55.36,56.27,277910.93000000,2023-11-21 08:00:00
489,1700557200000,56.27,57.12,56.16,56.61,342477.76000000,2023-11-21 09:00:00
490,1700560800000,56.61,57.01,56.53,56.8,163161.56000000,2023-11-21 10:00:00
491,1700564400000,56.8,56.88,56.13,56.27,155975.54000000,2023-11-21 11:00:00
492,1700568000000,56.28,56.65,55.96,56.33,197554.25000000,2023-11-21 12:00:00
493,1700571600000,56.33,56.39,55.48,55.6,252467.13000000,2023-11-21 13:00:00
494,1700575200000,55.6,55.7,54.51,55.14,679617.55000000,2023-11-21 14:00:00
495,1700578800000,55.13,55.68,52.73,55.11,1343327.74000000,2023-11-21 15:00:00
496,1700582400000,55.11,56.24,54.41,55.52,667891.72000000,2023-11-21 16:00:00
497,1700586000000,55.51,55.75,53.1,53.77,646426.61000000,2023-11-21 17:00:00